{
  "HTTP Request-1" : {
    "transaction" : "HTTP Request-1",
    "sampleCount" : 4990,
    "errorCount" : 7,
    "errorPct" : 0.14028056,
    "meanResTime" : 7791.22044088177,
    "medianResTime" : 2692.0,
    "minResTime" : 392.0,
    "maxResTime" : 84255.0,
    "pct1ResTime" : 22629.9,
    "pct2ResTime" : 36583.9,
    "pct3ResTime" : 51478.520000000004,
    "throughput" : 47.36772160309837,
    "receivedKBytesPerSec" : 125.49503911515387,
    "sentKBytesPerSec" : 5.95885188747081
  },
  "Total" : {
    "transaction" : "Total",
    "sampleCount" : 14980,
    "errorCount" : 24,
    "errorPct" : 0.16021362,
    "meanResTime" : 17433.941388518037,
    "medianResTime" : 3744.0,
    "minResTime" : 148.0,
    "maxResTime" : 87153.0,
    "pct1ResTime" : 46496.5,
    "pct2ResTime" : 52934.0,
    "pct3ResTime" : 72994.88000000003,
    "throughput" : 141.8359134592624,
    "receivedKBytesPerSec" : 305.0608711475643,
    "sentKBytesPerSec" : 23.791398150120724
  },
  "HTTP Request-0" : {
    "transaction" : "HTTP Request-0",
    "sampleCount" : 4990,
    "errorCount" : 0,
    "errorPct" : 0.0,
    "meanResTime" : 18232.733266533076,
    "medianResTime" : 1993.5,
    "minResTime" : 148.0,
    "maxResTime" : 78544.0,
    "pct1ResTime" : 44115.400000000096,
    "pct2ResTime" : 50103.9,
    "pct3ResTime" : 70289.09,
    "throughput" : 53.15522604286506,
    "receivedKBytesPerSec" : 30.62654625516639,
    "sentKBytesPerSec" : 6.696312655790617
  },
  "HTTP Request" : {
    "transaction" : "HTTP Request",
    "sampleCount" : 5000,
    "errorCount" : 17,
    "errorPct" : 0.34,
    "meanResTime" : 26260.182599999927,
    "medianResTime" : 28005.0,
    "minResTime" : 750.0,
    "maxResTime" : 87153.0,
    "pct1ResTime" : 53863.4,
    "pct2ResTime" : 65135.35,
    "pct3ResTime" : 84160.94,
    "throughput" : 47.34176016664299,
    "receivedKBytesPerSec" : 152.66302948799887,
    "sentKBytesPerSec" : 11.895699075060362
  }
}